{"cameraMode":{"drawMode":0,"name":"Shaded","section":"Shading Mode"},"sceneLighting":true,"audioPlay":false,"sceneViewState":{"showFog":true,"showMaterialUpdate":false,"showSkybox":false,"showFlares":true,"showImageEffects":true,"showParticleSystems":true,"showVisualEffectGraphs":true,"m_FxEnabled":true},"in2DMode":false,"pivot":{"x":6.055577754974365,"y":4.440000057220459,"z":-8.099032402038575},"rotation":{"x":-0.013581975363194943,"y":-0.49367958307266238,"z":0.007691517006605864,"w":-0.8695841431617737},"size":15.099954605102539,"orthographic":false}